{
  "roc_auc": 0.9088756478424695,
  "classification_report": {
    "0": {
      "precision": 0.8997764040510325,
      "recall": 0.5724686192468619,
      "f1-score": 0.699739170459776,
      "support": 23900.0
    },
    "1": {
      "precision": 0.9013639917755061,
      "recall": 0.9839408212942181,
      "f1-score": 0.9408439634846745,
      "support": 94899.0
    },
    "accuracy": 0.901160784181685,
    "macro avg": {
      "precision": 0.9005701979132693,
      "recall": 0.77820472027054,
      "f1-score": 0.8202915669722253,
      "support": 118799.0
    },
    "weighted avg": {
      "precision": 0.901044600647509,
      "recall": 0.901160784181685,
      "f1-score": 0.8923384663567938,
      "support": 118799.0
    }
  },
  "confusion_matrix": [
    [
      13682,
      10218
    ],
    [
      1524,
      93375
    ]
  ],
  "n_train": 475195,
  "n_val": 118799,
  "run_id": "rf_v1__20251101-040747",
  "model": "RandomForestClassifier"
}