,id,annual_income,debt_to_income_ratio,credit_score,loan_amount,interest_rate,loan_paid_back
count,593994.0,593994.0,593994.0,593994.0,593994.0,593994.0,593994.0
mean,296996.5,48212.202976290995,0.12069589053088081,680.9160092526187,15020.297628526214,12.356345200456568,0.7988195166954548
std,171471.44223601784,26711.942078323067,0.06857325850127181,55.42495592567738,6926.530567603591,2.0089588993461556,0.4008829841679662
min,0.0,6002.43,0.011,395.0,500.09,3.2,0.0
25%,148498.25,27934.4,0.072,646.0,10279.62,10.99,1.0
50%,296996.5,46557.68,0.096,682.0,15000.22,12.37,1.0
75%,445494.75,60981.32,0.156,719.0,18858.58,13.68,1.0
max,593993.0,393381.74,0.627,849.0,48959.95,20.99,1.0
